RegionID,Full,lat,long,pop,density
394297,"Aberdeen, SD",45.4649,-98.4686,28315,661
394298,"Aberdeen, WA",46.9757,-123.8094,16571,588
394299,"Abilene, TX",32.4543,-99.7384,110993,451
394300,"Ada, OK",34.7662,-96.6681,17399,333
394302,"Adrian, MI",41.8994,-84.0447,20550,990
394304,"Akron, OH",41.0798,-81.5219,570375,1230
394305,"Alamogordo, NM",32.8837,-105.9625,31635,571
394306,"Albany, GA",31.5776,-84.1762,89323,509
394307,"Albany, OR",44.6272,-123.0965,66405,1190
394308,"Albany, NY",42.6664,-73.7987,590823,1747
394309,"Albemarle, NC",35.3594,-80.1915,16073,355
394310,"Albert Lea, MN",43.6548,-93.3643,17804,517
394311,"Albertville, AL",34.2633,-86.2108,21620,309
394312,"Albuquerque, NM",35.1054,-106.6465,762853,1155
394314,"Alexandria, LA",31.2923,-92.4702,75835,630
394315,"Alexandria, MN",45.8776,-95.3767,13705,307
394316,"Alice, TX",27.7556,-98.0653,18859,607
394318,"Allentown, PA",40.5961,-75.4756,688658,2664
394319,"Alma, MI",43.3799,-84.6556,8918,584
394320,"Alpena, MI",45.074,-83.4402,9987,471
394321,"Altoona, PA",40.5082,-78.4007,73374,1722
394322,"Altus, OK",34.6565,-99.3061,18533,392
394323,"Amarillo, TX",35.1984,-101.8316,202902,751
394324,"Americus, GA",32.0736,-84.2248,15319,521
394325,"Ames, IA",42.0256,-93.6217,65864,928
394326,"Amsterdam, NY",42.942,-74.1906,17823,1171
394327,"Anchorage, AK",61.1508,-149.1091,248902,66
394330,"Andrews, TX",32.3207,-102.552,13797,766
394331,"Angola, IN",41.6433,-85.005,8706,517
394332,"Ann Arbor, MI",42.2759,-83.731,323593,1657
394333,"Anniston, AL",33.6712,-85.8135,77690,181
394334,"Appleton, WI",44.278,-88.3892,225728,1150
394335,"Arcadia, FL",27.2215,-81.8585,8187,715
394336,"Ardmore, OK",34.1949,-97.1256,24834,192
394337,"Arkadelphia, AR",34.1253,-93.0729,10670,546
394338,"Asheville, NC",35.5707,-82.5537,312618,783
394339,"Ashland, OH",40.8668,-82.3156,20304,694
394340,"Ashtabula, OH",41.8805,-80.7984,18067,898
394341,"Astoria, OR",46.1856,-123.8053,9929,624
394342,"Hutchinson, KS",38.0671,-97.9081,40669,638
394343,"Athens, OH",39.327,-82.0987,24978,973
394344,"Athens, TN",35.4573,-84.6045,13931,346
394345,"Athens, TX",32.2041,-95.8321,12667,274
394346,"Athens, GA",33.9508,-83.3689,143081,414
394347,"Atlanta, GA",33.7628,-84.422,5151496,1419
394348,"Atlantic City, NJ",39.3797,-74.4527,236314,1356
394349,"Auburn, IN",41.3666,-85.0559,13209,664
394350,"Auburn, NY",42.9338,-76.5685,26383,1222
394351,"Auburn, AL",32.6087,-85.4903,76793,417
394352,"Augusta, GA",33.3645,-82.0708,404125,252
394353,"Augusta, ME",44.3341,-69.7319,18662,130
394354,"Austin, MN",43.6721,-92.9784,25180,729
394355,"Austin, TX",30.3005,-97.7522,1685522,1165
394356,"Bainbridge, GA",30.9052,-84.5732,12200,238
394357,"Bakersfield, CA",35.3529,-119.0359,556892,979
394358,"Baltimore, MD",39.3051,-76.6144,2270087,2872
394359,"Bangor, ME",44.8323,-68.7906,32029,360
394360,"Baraboo, WI",43.4695,-89.7376,12133,637
394362,"Barre, VT",44.1998,-72.5085,8590,832
394363,"Bartlesville, OK",36.7365,-95.9456,36495,621
394364,"Bastrop, LA",32.7748,-91.9078,10060,453
394365,"Batavia, NY",42.9987,-78.1802,14490,1076
394366,"Batesville, AR",35.7687,-91.6227,10749,357
394367,"Baton Rouge, LA",30.442,-91.1311,605449,993
394368,"Battle Creek, MI",42.2985,-85.2296,75608,463
394369,"Bay City, MI",43.5902,-83.8887,67917,1249
394370,"Bay City, TX",28.9838,-95.9601,17672,736
394371,"Beatrice, NE",40.2736,-96.7455,12282,500
394372,"Beaumont, TX",30.0849,-94.1451,142759,549
394373,"Beaver Dam, WI",43.4688,-88.8309,16322,861
394374,"Beckley, WV",37.7877,-81.1841,16240,660
394375,"Bedford, IN",38.8602,-86.4895,13246,418
394376,"Kerrville, TX",30.0398,-99.132,23511,413
394377,"Bellefontaine, OH",40.3627,-83.763,13250,509
394378,"Bellingham, WA",48.7548,-122.469,129653,1246
394379,"Bemidji, MN",47.4828,-94.8797,15277,404
394380,"Bend, OR",44.0563,-121.3095,107460,1114
394381,"Bennettsville, SC",34.6303,-79.6875,7905,494
394382,"Burlington, VT",44.4876,-73.2316,115682,1596
394383,"Berlin, NH",44.4869,-71.2599,10025,63
394384,"Big Rapids, MI",43.6992,-85.4806,10358,899
394385,"Big Spring, TX",32.2389,-101.4799,27878,569
394386,"Billings, MT",45.7891,-108.5526,116593,945
394387,"Binghamton, NY",42.1014,-75.9093,146870,1651
394388,"Birmingham, AL",33.5279,-86.7971,753721,553
394390,"Bismarck, ND",46.8143,-100.7694,90420,817
394391,"Blackfoot, ID",43.194,-112.3454,11936,777
394392,"Blacksburg, VA",37.23,-80.4279,94398,868
394393,"Bloomington, IN",39.1637,-86.5257,116615,1407
394395,"Bloomsburg, PA",41.0027,-76.4561,13916,1235
394396,"Bluefield, WV",37.2608,-81.2143,9776,417
394397,"Fayetteville, AR",36.0714,-94.1661,350995,617
394398,"Bogalusa, LA",30.7812,-89.8633,11658,473
394399,"Boise, ID",43.6005,-116.2308,407550,1047
394401,"Boone, IA",42.0531,-93.877,12470,529
394402,"Boone, NC",36.2111,-81.6669,19466,1190
394403,"Borger, TX",35.6598,-101.4012,12534,550
394404,"Boston, MA",42.3188,-71.0852,4465966,5505
394405,"Boulder, CO",40.0248,-105.2524,122549,1595
394406,"Bowling Green, KY",36.9716,-86.4378,94555,684
394407,"Bozeman, MT",45.6833,-111.0558,48330,905
394409,"Bradford, PA",41.9605,-78.6412,8284,961
394410,"Brainerd, MN",46.3553,-94.1983,13423,427
394411,"Branson, MO",36.6509,-93.2636,11526,209
394412,"Bremerton, WA",47.5436,-122.7121,219538,560
394413,"Brenham, TX",30.1584,-96.3966,17297,514
394414,"Brevard, NC",35.2438,-82.7265,7841,565
394415,"Stamford, CT",41.1039,-73.5585,130057,1334
394417,"Brookhaven, MS",31.5803,-90.4432,12045,214
394418,"Brookings, OR",42.0697,-124.3002,6475,602
394419,"Brookings, SD",44.3022,-96.7859,24479,702
394421,"Brownsville, TX",25.9975,-97.458,229387,534
394422,"Brownwood, TX",31.7127,-98.9767,18554,478
394423,"Brunswick, GA",31.1449,-81.4746,16231,368
394424,"Bucyrus, OH",40.8054,-82.9719,11808,617
394425,"Buffalo, NY",42.9018,-78.8487,926607,2446
394426,"Burley, ID",42.5379,-113.7926,10476,632
394427,"Burlington, IA",40.8071,-91.1247,24858,665
394428,"Burlington, NC",36.076,-79.4685,137096,699
394429,"Burlington, VT",44.4876,-73.2316,115682,1596
394430,"Butte, MT",45.902,-112.6571,34263,18
394431,"Cadillac, MI",44.2493,-85.4164,10462,570
394432,"Calhoun, GA",34.491,-84.9386,17088,411
394433,"Cambridge, MD",38.5515,-76.0787,12300,446
394434,"Cambridge, OH",40.0221,-81.5869,10398,630
394435,"Camden, AR",33.5672,-92.8467,10877,254
394436,"Campbellsville, KY",37.3445,-85.3511,11370,583
394437,"Cañon City, CO",38.443,-105.2203,16369,510
394438,"Canton, IL",40.5632,-90.0409,13600,668
394439,"Dayton, OH",39.7805,-84.2003,723844,971
394440,"Fort Myers, FL",26.6194,-81.8302,83505,809
394441,"Cape Girardeau, MO",37.3109,-89.5597,40100,532
394442,"Carbondale, IL",37.7221,-89.2237,66482,563
394443,"Carlsbad, NM",32.401,-104.2388,29278,358
394444,"Carson City, NV",39.1511,-119.7476,55244,147
394445,"Casper, WY",42.842,-106.3208,63962,847
394446,"Cedar City, UT",37.6834,-113.0956,33404,359
394447,"Cedar Rapids, IA",41.9662,-91.6783,188618,712
394448,"Cedartown, GA",34.0223,-85.2479,10062,425
394449,"Celina, OH",40.555,-84.5626,10498,806
394452,"Centralia, WA",46.7223,-122.9696,17473,885
394453,"Chambersburg, PA",39.9315,-77.6556,21017,1171
394454,"Champaign, IL",40.1142,-88.2737,152940,1486
394455,"Charleston, WV",38.3484,-81.6322,141640,579
394456,"Charleston, IL",39.4842,-88.1781,20141,875
394457,"Charleston, SC",32.8168,-79.9687,645413,461
394458,"Charlotte, NC",35.2083,-80.8303,1526465,1094
394459,"Charlottesville, VA",38.0375,-78.4855,102164,1779
394460,"Chattanooga, TN",35.066,-85.2481,404766,491
394462,"Cheyenne, WY",41.135,-104.7902,76456,767
394463,"Chicago, IL",41.8375,-87.6866,8586888,4576
394464,"Chico, CA",39.7578,-121.8161,113201,1116
394465,"Chillicothe, OH",39.3393,-82.9939,21668,796
394466,"Cincinnati, OH",39.1413,-84.506,1684800,1501
394468,"Claremont, NH",43.379,-72.3368,12969,116
394469,"Clarksburg, WV",39.2862,-80.3232,15743,625
394470,"Clarksdale, MS",34.1933,-90.5693,15342,315
394471,"Clarksville, TN",36.5692,-87.3413,183798,606
394472,"Clearlake, CA",38.9589,-122.633,15329,584
394473,"Cleveland, MS",33.744,-90.7285,11363,578
394474,"Cleveland, TN",35.1817,-84.8707,72589,642
394475,"Cleveland, OH",41.4764,-81.6805,1742437,1903
394476,"Clewiston, FL",26.7529,-80.9399,7910,678
394477,"Clinton, IA",41.8435,-90.2412,25290,274
394478,"Clovis, NM",34.4376,-103.1923,38701,632
394480,"Coeur d'Alene, ID",47.704,-116.7936,114880,1234
394481,"Coffeyville, KS",37.0519,-95.618,9343,380
394482,"Coldwater, MI",41.9465,-84.9989,12203,488
394483,"College Station, TX",30.5852,-96.2959,203848,873
394484,"Colorado Springs, CO",38.8674,-104.7605,621332,932
394485,"Columbia, MO",38.9472,-92.3268,132806,711
394486,"Columbia, SC",34.0378,-80.9036,609689,378
394488,"Columbus, GA",32.51,-84.8771,249510,348
394489,"Columbus, IN",39.2093,-85.9183,48820,670
394490,"Columbus, MS",33.5088,-88.4096,23853,367
394491,"Columbus, NE",41.4366,-97.3565,23291,870
394492,"Columbus, OH",39.9862,-82.9855,1547862,1560
394493,"Concord, NH",43.2305,-71.5595,43503,262
394494,"Connersville, IN",39.6582,-85.141,13096,658
394495,"Cookeville, TN",36.1482,-85.5109,33922,366
394496,"Coos Bay, OR",43.3789,-124.233,16326,593
394498,"Cordele, GA",31.9563,-83.7694,10600,403
394499,"Corinth, MS",34.9474,-88.5143,14544,186
394500,"Cornelia, GA",34.517,-83.5311,4510,419
394501,"Corning, NY",42.147,-77.0561,10642,1332
394502,"Corpus Christi, TX",27.7254,-97.3767,343031,776
394503,"Corsicana, TX",32.0824,-96.4665,23736,398
394504,"Cortland, NY",42.6004,-76.1784,18633,1847
394505,"Corvallis, OR",44.5698,-123.2779,66090,1586
394506,"Coshocton, OH",40.2618,-81.848,10993,530
394507,"Crawfordsville, IN",40.0428,-86.8976,16088,641
394508,"Crescent City, CA",41.7728,-124.1902,6690,1315
394509,"Cookeville, TN",36.1482,-85.5109,33922,366
394511,"Cullman, AL",34.1775,-86.8407,16072,286
394513,"Cumberland, MD",39.6515,-78.7584,19495,748
394515,"Dalton, GA",34.769,-84.972,87944,612
394516,"Danville, IL",40.1426,-87.6111,30969,669
394517,"Danville, KY",37.6418,-84.7777,16801,377
394518,"Danville, VA",36.5831,-79.4088,40668,366
394519,"Daphne, AL",30.6263,-87.8816,26578,540
394521,"Dayton, OH",39.7805,-84.2003,723844,971
394522,"DeRidder, LA",30.8468,-93.2931,10955,455
394523,"Decatur, AL",34.5731,-86.9905,69710,386
394524,"Decatur, IL",39.8557,-88.9342,86604,646
394525,"Decatur, IN",40.8286,-84.9277,9700,614
394526,"Defiance, OH",41.2813,-84.3657,16741,510
394527,"Del Rio, TX",29.3708,-100.8801,35828,676
394528,"Daytona Beach, FL",29.1995,-81.0982,68711,404
394529,"Deming, NM",32.2631,-107.7525,14083,325
394530,"Denver, CO",39.762,-104.8758,2709398,1805
394531,"Des Moines, IA",41.5725,-93.6105,519180,943
394532,"Detroit, MI",42.3834,-83.1024,3731486,1871
394533,"Dickinson, ND",46.8918,-102.7925,22880,624
394535,"Dixon, IL",41.8439,-89.4794,15544,774
394536,"Dodge City, KS",37.7611,-100.0182,27186,713
394537,"Dothan, AL",31.2336,-85.407,69586,294
394538,"Douglas, GA",31.5065,-82.8544,11556,309
394539,"Dover, DE",39.161,-75.5202,125931,617
394540,"Dublin, GA",32.536,-82.928,15762,382
394541,"DuBois, PA",41.1223,-78.7565,7413,889
394542,"Dubuque, IA",42.5002,-90.707,67916,725
394543,"Duluth, MN",46.7756,-92.1393,117934,462
394544,"Dumas, TX",35.8613,-101.9642,14042,981
394545,"Duncan, OK",34.5408,-97.9215,22529,202
394546,"Dunn, NC",35.3114,-78.6129,9738,547
394547,"Durango, CO",37.2659,-107.8781,19413,509
394548,"Durant, OK",33.9949,-96.3923,18516,257
394549,"Durham, NC",35.9792,-78.9022,391371,945
394550,"Dyersburg, TN",36.0465,-89.3777,16371,364
394551,"Eagle Pass, TX",28.7125,-100.484,29307,1201
394553,"East Stroudsburg, PA",41.0023,-75.1779,10232,1389
394554,"Easton, MD",38.776,-76.0701,16589,558
394555,"Eau Claire, WI",44.8197,-91.4948,103197,807
394556,"Edwards, CO",39.6215,-106.6184,9347,135
394557,"Effingham, IL",39.1205,-88.5509,12310,461
394558,"El Campo, TX",29.2,-96.2723,11695,489
394559,"El Centro, CA",32.7865,-115.5595,110434,1430
394560,"El Dorado, AR",33.2184,-92.664,17826,424
394561,"El Paso, TX",31.8476,-106.43,798217,1015
394562,"Elizabeth City, NC",36.2942,-76.236,17725,584
394563,"Elizabethtown, KY",37.7031,-85.8773,78446,428
394564,"Elk City, OK",35.3862,-99.4301,11544,279
394565,"Elkhart, IN",41.6916,-85.9627,147679,739
394566,"Elko, NV",40.8381,-115.7678,20396,441
394567,"Ellensburg, WA",46.9999,-120.5475,20679,1036
394568,"Elmira, NY",42.0938,-76.8097,63404,1450
394569,"Emporia, KS",38.4028,-96.1932,24631,783
394570,"Enid, OK",36.4063,-97.87,50116,261
394571,"Enterprise, AL",31.3275,-85.8463,28170,351
394572,"Erie, PA",42.1167,-80.0733,189513,1948
394573,"Escanaba, MI",45.7477,-87.09,12180,368
394574,"Española, NM",36.0044,-106.0686,10071,472
394576,"Eugene, OR",44.0564,-123.1174,270013,1489
394577,"Eureka, CA",40.7943,-124.1564,26938,1090
394578,"Evanston, WY",41.2602,-110.9646,11727,440
394579,"Evansville, IN",37.9881,-87.5341,227338,965
394580,"Fairbanks, AK",64.8353,-147.6533,64160,382
394582,"Fairmont, WV",39.4768,-80.1491,18443,827
394584,"Fallon, NV",39.4737,-118.7779,8540,887
394585,"Fargo, ND",46.8651,-96.8292,205472,957
394586,"Faribault, MN",44.2996,-93.2789,23853,594
394587,"Farmington, MO",37.7822,-90.4282,18792,764
394588,"Farmington, NM",36.7555,-108.1823,44967,503
394589,"Fayetteville, NC",35.085,-78.9772,333366,550
394590,"Fayetteville, AR",36.0714,-94.1661,350995,617
394591,"Fergus Falls, MN",46.2854,-96.0758,13754,369
394592,"Fernley, NV",39.5627,-119.1906,20616,65
394593,"Findlay, OH",41.0469,-83.6379,41098,807
394594,"Fitzgerald, GA",31.7134,-83.2514,8747,376
394595,"Flagstaff, AZ",35.1872,-111.6194,79624,428
394596,"Flint, MI",43.0236,-83.6921,339283,1108
394597,"Florence, SC",34.178,-79.7898,88709,643
394598,"Florence, AL",34.8303,-87.6655,79590,591
394599,"Fond du Lac, WI",43.7718,-88.4397,42944,862
394600,"Forest City, NC",35.3339,-81.8702,7150,322
394601,"Forrest City, AR",35.0135,-90.7931,14062,268
394602,"Fort Collins, CO",40.5477,-105.0656,304657,1120
394604,"Fort Leonard Wood, MO",37.7562,-92.1274,14779,247
394605,"Fort Madison, IA",40.6207,-91.3509,10407,416
394606,"Fort Morgan, CO",40.2537,-103.7903,11311,818
394608,"Fort Polk South, LA",31.0512,-93.2159,8823,553
394609,"Fort Smith, AR",35.3495,-94.3695,125306,529
394612,"Fort Wayne, IN",41.0888,-85.1436,329170,935
394613,"Frankfort, IN",40.281,-86.5212,15569,746
394614,"Frankfort, KY",38.1924,-84.8643,27705,724
394615,"Fredericksburg, TX",30.266,-98.8751,11341,476
394616,"Freeport, IL",42.2891,-89.6346,23930,777
394617,"Fremont, NE",41.4395,-96.4873,26362,953
394618,"Fremont, OH",41.3535,-83.1147,16005,725
394619,"Fresno, CA",36.783,-119.7939,702486,1763
394620,"Gadsden, AL",34.0086,-86.0157,35224,363
394621,"Gaffney, SC",35.0743,-81.6552,12733,591
394622,"Gainesville, FL",29.6804,-82.3459,203541,816
394623,"Gainesville, GA",34.2902,-83.8294,139507,479
394624,"Kingsville, TX",27.5094,-97.861,25367,705
394625,"Galesburg, IL",40.9506,-90.3763,30405,661
394626,"Gallup, NM",35.5182,-108.7431,21637,413
394627,"Garden City, KS",37.9753,-100.8527,26403,934
394628,"Gardnerville Ranchos, NV",38.8957,-119.7492,11432,427
394629,"Georgetown, SC",33.3594,-79.2958,8884,490
394630,"Gettysburg, PA",39.8304,-77.2339,7684,1787
394631,"Gillette, WY",44.2752,-105.4982,32513,542
394632,"Glasgow, KY",37.0048,-85.9263,14394,350
394633,"Glens Falls, NY",43.3109,-73.6458,66024,1436
394634,"Gloversville, NY",43.0491,-74.3465,14771,1130
394635,"Goldsboro, NC",35.3778,-77.9717,34610,467
394637,"Grand Forks, ND",47.9214,-97.0884,63767,783
394638,"Grand Island, NE",40.9218,-98.3586,51250,658
394639,"Grand Junction, CO",39.0877,-108.5673,134074,606
394640,"Grand Rapids, MI",42.9619,-85.6562,615273,1719
394641,"Grants Pass, OR",42.4333,-123.3317,37938,1271
394643,"Great Bend, KS",38.3593,-98.8015,15224,559
394644,"Great Falls, MT",47.5022,-111.2996,62112,985
394645,"Greeley, CO",40.4152,-104.7706,134417,847
394646,"Green Bay, WI",44.5148,-87.9895,214438,887
394647,"Greeneville, TN",36.168,-82.8197,14938,339
394648,"Greensboro, NC",36.0956,-79.8271,343505,877
394649,"Greensburg, IN",39.3518,-85.5028,11221,462
394650,"Greenville, MS",33.385,-91.0514,29854,428
394651,"Greenville, NC",35.5943,-77.376,129374,979
394652,"Greenville, OH",40.1043,-84.6209,12743,739
394653,"Greenville, SC",34.8354,-82.3646,441303,905
394654,"Greenwood, MS",33.5126,-90.1993,13826,432
394655,"Greenwood, SC",34.1947,-82.1542,23351,551
394656,"Grenada, MS",33.7816,-89.813,12349,158
394658,"Gulfport, MS",30.4274,-89.0704,230156,497
394659,"Guymon, OK",36.6903,-101.4774,11381,568
394660,"Peterstown, WV",37.3991,-80.795,752,457
394661,"Hammond, LA",30.5061,-90.4563,75688,565
394662,"Hanford, CA",36.3274,-119.6549,95459,1272
394663,"Hannibal, MO",39.7098,-91.3939,17312,417
394666,"Harrisburg, PA",40.2752,-76.8843,472261,2342
394667,"Harrison, AR",36.2438,-93.1198,13124,452
394668,"Harrisonburg, VA",38.4362,-78.8735,74901,1192
394669,"Hartford, CT",41.7661,-72.6834,918434,2722
394670,"Hastings, NE",40.5961,-98.39,24878,644
394671,"Hattiesburg, MS",31.3074,-89.317,85086,332
394673,"Hays, KS",38.8821,-99.3221,20855,931
394674,"Heber, UT",40.507,-111.3986,16362,702
394675,"Helena, MT",46.5965,-112.0202,32655,749
394677,"Henderson, NC",36.3256,-78.4151,15127,677
394678,"Hereford, TX",34.8225,-102.4001,14692,900
394679,"Hickory, NC",35.741,-81.3223,211042,515
394680,"Hilo, HI",19.6883,-155.0863,45248,325
394681,"Hilton Head Island, SC",32.1896,-80.7499,74248,373
394682,"Gainesville, GA",34.2902,-83.8294,139507,479
394683,"Hobbs, NM",32.7281,-103.16,38475,562
394685,"Homosassa Springs, FL",28.8119,-82.5392,86578,223
394687,"Hood River, OR",45.7092,-121.526,7745,1151
394689,"Hot Springs, AR",34.4892,-93.0501,38697,398
394690,"Houghton, MI",47.1118,-88.5675,7805,683
394691,"Houma, LA",29.58,-90.7059,146665,882
394692,"Houston, TX",29.786,-95.3885,5724418,1394
394693,"Hudson, NY",42.2515,-73.7859,6103,1092
394695,"Huntingdon, PA",40.5,-78.0097,6950,741
394696,"Huntington, IN",40.881,-85.5063,17083,709
394697,"Huntington, WV",38.4109,-82.4345,199133,1098
394698,"Huntsville, AL",34.6981,-86.6412,317279,353
394699,"Huntsville, TX",30.7009,-95.5567,41664,377
394701,"Hutchinson, KS",38.0671,-97.9081,40669,638
394702,"Hutchinson, MN",44.8855,-94.3768,13935,634
394703,"Idaho Falls, ID",43.4871,-112.0362,101326,1004
394704,"Indiana, PA",40.622,-79.1552,13162,2888
394705,"Indianapolis, IN",39.7771,-86.1458,1636763,928
394706,"Indianola, MS",33.4492,-90.6447,9258,417
394707,"Iowa City, IA",41.6559,-91.5303,120928,1144
394708,"Iron Mountain, MI",45.8275,-88.0599,7352,376
394709,"Ithaca, NY",42.4442,-76.5032,30715,2200
394710,"Jackson, MI",42.2431,-84.4038,87230,1148
394711,"Jackson, MS",32.3157,-90.2125,350373,566
394712,"Jackson, TN",35.6538,-88.8354,71004,442
394713,"Jackson, WY",43.472,-110.7746,10585,1380
394714,"Jacksonville, FL",30.3322,-81.6749,1165107,466
394715,"Jacksonville, IL",39.7292,-90.2317,18784,686
394716,"Jacksonville, NC",34.7289,-77.3941,107890,589
394717,"Jacksonville, TX",31.9642,-95.2617,14809,402
394718,"Jamestown, ND",46.9063,-98.6937,15216,442
394719,"Jamestown, NY",42.0976,-79.2367,29290,1270
394720,"Janesville, WI",42.6854,-89.0135,71907,728
394721,"Jasper, IN",38.3933,-86.9402,15681,456
394723,"Jefferson City, MO",38.5676,-92.1759,42670,456
394725,"Jesup, GA",31.5992,-81.8895,9864,230
394726,"Johnson City, TN",36.3406,-82.3806,126265,596
394727,"Johnstown, PA",40.326,-78.9194,19381,1261
394728,"Jonesboro, AR",35.8212,-90.6791,73631,372
394729,"Joplin, MO",37.0757,-94.5018,81025,512
394730,"Juneau, AK",58.4546,-134.1739,32099,4
394731,"Kahului, HI",20.8715,-156.4603,29993,804
394732,"Kalamazoo, MI",42.2749,-85.5882,220561,1189
394733,"Kalispell, MT",48.2153,-114.3274,23935,743
394734,"Kankakee, IL",41.102,-87.8643,82095,662
394735,"Kansas City, MO",39.1238,-94.5541,1602005,602
394736,"Kapaa, HI",22.091,-159.3521,9961,383
394737,"Kearney, NE",40.7011,-99.0833,33783,897
394738,"Keene, NH",42.9494,-72.2998,22823,237
394739,"Kendallville, IN",41.4441,-85.2578,9365,596
394740,"Kennett, MO",36.2403,-90.0481,10069,555
394741,"Kennewick, WA",46.1978,-119.1732,240876,1162
394742,"Kerrville, TX",30.0398,-99.132,23511,413
394743,"Ketchikan, AK",55.3556,-131.6698,8230,833
394744,"Key West, FL",24.5642,-81.7775,24495,1689
394745,"Kill Devil Hills, NC",36.0167,-75.6699,7249,498
394746,"Killeen, TX",31.0753,-97.7297,231312,1045
394747,"Kingsport, TN",36.5224,-82.5454,98767,394
394748,"Kingston, NY",41.9295,-73.9968,22954,1184
394749,"Huntsville, TX",30.7009,-95.5567,41664,377
394750,"Kinston, NC",35.2747,-77.5939,20173,422
394751,"Kirksville, MO",40.1986,-92.5752,17645,473
394752,"Klamath Falls, OR",42.2195,-121.7754,21509,412
394753,"Knoxville, TN",35.9692,-83.9496,603685,733
394755,"Kokomo, IN",40.464,-86.1277,58066,611
394756,"La Crosse, WI",43.8241,-91.2268,99227,916
394758,"La Grande, OR",45.3242,-118.0865,13380,1128
394759,"Laconia, NH",43.5725,-71.4775,16584,322
394761,"Lafayette, LA",30.2082,-92.0325,263551,876
394762,"LaGrange, GA",33.0274,-85.0384,30494,279
394763,"Lake Charles, LA",30.201,-93.2111,145029,658
394764,"Lake City, FL",30.1901,-82.6471,12166,396
394765,"Lake Havasu City, AZ",34.5006,-114.3113,55463,462
394766,"Lakeland, FL",28.0557,-81.9545,300268,643
394767,"Lamesa, TX",32.7333,-101.9541,9179,693
394768,"Lancaster, PA",40.042,-76.3012,430621,3169
394770,"Lansing, MI",42.7142,-84.5601,326380,1158
394771,"Laramie, WY",41.3099,-105.6085,32515,683
394772,"Laredo, TX",27.5625,-99.4874,262774,944
394773,"Las Cruces, NM",32.3265,-106.7893,129538,516
394774,"Las Vegas, NM",35.6011,-105.2206,13055,644
394775,"Las Vegas, NV",36.2333,-115.2654,2165405,1754
394776,"Laurel, MS",31.6956,-89.1449,18403,437
394777,"Laurinburg, NC",34.7602,-79.4773,15118,465
394778,"Lawrence, KS",38.9597,-95.2642,96694,1100
394779,"Lawrenceburg, TN",35.2497,-87.3325,10925,333
394780,"Lawton, OK",34.6175,-98.4202,90487,443
394781,"Lebanon, MO",37.6717,-92.6603,14735,388
394783,"Lebanon, PA",40.3412,-76.4228,80620,2388
394784,"Levelland, TX",33.5806,-102.3635,13566,513
394785,"Lewisburg, PA",40.9641,-76.8901,5730,2273
394786,"Lewisburg, TN",35.451,-86.7901,12150,337
394787,"Lewiston, ID",46.3934,-116.9933,32853,732
394788,"Lewiston, ME",44.0915,-70.1681,36158,408
394789,"Lewistown, PA",40.5964,-77.573,8157,1551
394791,"Lexington, NE",40.7779,-99.7461,10069,863
394792,"Lexington, KY",38.0423,-84.4587,316743,438
394793,"Liberal, KS",37.0466,-100.9295,19025,642
394794,"Lima, OH",40.741,-84.112,69440,1046
394795,"Lincoln, IL",40.1508,-89.372,13742,849
394796,"Lincoln, NE",40.8099,-96.6784,280780,1131
394798,"Little Rock, AR",34.7256,-92.3577,446814,637
394799,"Lock Haven, PA",41.1365,-77.4521,8997,1391
394800,"Lowman, ID",44.0786,-115.6206,14,2
394801,"Logansport, IN",40.7472,-86.352,17968,661
394802,"London, KY",37.1175,-84.0767,8058,268
394803,"Longview, TX",32.5193,-94.7622,98775,568
394804,"Longview, WA",46.1461,-122.963,67958,989
394805,"Los Alamos, NM",35.8927,-106.2862,12978,451
394808,"Lubbock, TX",33.5657,-101.8879,257835,737
394809,"Lufkin, TX",31.3217,-94.7277,35336,398
394810,"Lumberton, NC",34.6312,-79.0186,20704,450
394811,"Lynchburg, VA",37.4003,-79.1909,125710,638
394812,"Macomb, IL",40.4709,-90.6807,17658,644
394814,"Madera, CA",36.963,-120.0778,80218,1536
394815,"Marion, IN",40.5497,-85.6604,27730,682
394816,"Madison, WI",43.0822,-89.393,445499,1253
394817,"Madisonville, KY",37.3409,-87.5034,18801,406
394818,"Magnolia, AR",33.2775,-93.2261,11537,336
394820,"Manchester, NH",42.9848,-71.4447,163488,1312
394821,"Manhattan, KS",39.1886,-96.6048,55045,1066
394822,"Manitowoc, WI",44.0991,-87.6812,32558,706
394823,"Mankato, MN",44.1715,-93.9772,42685,853
394824,"Mansfield, OH",40.7656,-82.5275,74021,581
394825,"Marinette, WI",45.0871,-87.6336,10566,582
394826,"Marion, IN",40.5497,-85.6604,27730,682
394827,"Marion, OH",40.5973,-83.1227,36011,1072
394829,"Marquette, MI",46.544,-87.4082,20631,702
394830,"Marshall, MN",44.4488,-95.7897,13604,514
394831,"Marshall, MO",39.1147,-93.201,12920,492
394832,"Marshall, TX",32.537,-94.3515,22881,298
394833,"Marshalltown, IA",42.0343,-92.9068,26957,542
394835,"Martin, TN",36.3385,-88.8513,10585,329
394836,"Martinsville, VA",36.6826,-79.8636,12646,445
394837,"Maryville, MO",40.3428,-94.8702,11641,705
394838,"Mason City, IA",43.1487,-93.1997,27064,375
394840,"Mayfield, KY",36.7371,-88.6447,9823,518
394841,"Madisonville, KY",37.3409,-87.5034,18801,406
394842,"McAlester, OK",34.9257,-95.7734,18042,390
394843,"McAllen, TX",26.2252,-98.2467,805270,883
394844,"McComb, MS",31.2442,-90.4716,12788,419
394845,"McMinnville, TN",35.6864,-85.7812,13707,478
394846,"McPherson, KS",38.3714,-97.6605,13066,677
394847,"Meadville, PA",41.6476,-80.1468,12684,1122
394848,"Medford, OR",42.3372,-122.854,171660,1224
394849,"Memphis, TN",35.1087,-89.9663,1072330,846
394850,"Menomonie, WI",44.8893,-91.9084,16479,464
394851,"Merced, CA",37.3057,-120.4779,147690,1396
394852,"Meridian, MS",32.3846,-88.6896,37252,267
394853,"Merrill, WI",45.182,-89.6994,9081,467
394854,"Mexico, MO",39.1625,-91.8712,11535,367
394855,"Miami, OK",36.8878,-94.8711,13176,458
394857,"Michigan City, IN",41.7092,-86.869,65946,590
394858,"Middlesborough, KY",36.6127,-83.7227,9242,483
394859,"Midland, MI",43.6241,-84.2319,41922,470
394860,"Midland, TX",32.0243,-102.1147,140111,722
394861,"Milledgeville, GA",33.0874,-83.2414,18526,351
394862,"Milwaukee, WI",43.0642,-87.9675,1390046,2379
394864,"Mineral Wells, TX",32.8169,-98.0776,15130,286
394865,"St. Paul, MN",44.9478,-93.1039,305877,2272
394866,"Minot, ND",48.2375,-101.278,47834,677
394867,"Missoula, MT",46.8751,-114.0214,93723,839
394868,"Mitchell, SD",43.7294,-98.0337,15599,535
394869,"Moberly, MO",39.4179,-92.4364,13710,402
394870,"Mobile, AL",30.6782,-88.1162,328610,525
394871,"Modesto, CA",37.6375,-121.0028,376717,1923
394872,"Monroe, LA",32.5185,-92.0774,117197,623
394873,"Monroe, MI",41.9155,-83.3849,19543,834
394875,"Montgomery, AL",32.3482,-86.2668,253540,480
394876,"Montrose, CO",38.4689,-107.859,19396,405
394877,"Morehead City, NC",34.7308,-76.7388,9495,498
394878,"Morgan City, LA",29.7041,-91.192,10963,707
394879,"Morgantown, WV",39.6383,-79.9464,77193,1172
394880,"Morristown, TN",36.2043,-83.3001,29887,417
394881,"Moscow, ID",46.7308,-116.9986,25652,1433
394882,"Moses Lake, WA",47.1279,-119.2759,23442,504
394883,"Moultrie, GA",31.1591,-83.7708,14086,326
394884,"Mount Airy, NC",36.5083,-80.6155,10213,337
394885,"Mount Pleasant, MI",43.5966,-84.7759,25290,1264
394886,"Mount Pleasant, TX",33.1586,-94.9727,17058,358
394887,"Mount Sterling, KY",38.0648,-83.9472,7190,618
394888,"Mount Vernon, IL",38.314,-88.9174,14769,391
394889,"Mount Vernon, OH",40.3854,-82.4737,16684,662
394890,"Mount Vernon, WA",48.4203,-122.3115,67767,1114
394891,"Mountain Home, AR",36.3351,-92.384,12463,402
394892,"Mountain Home, ID",43.1324,-115.697,14308,911
394893,"Muncie, IN",40.1989,-85.395,87037,954
394894,"Murray, KY",36.6146,-88.3207,19254,638
394895,"Muscatine, IA",41.4195,-91.068,23661,502
394896,"Muskegon, MI",43.2281,-86.2562,164136,1018
394897,"Muskogee, OK",35.7432,-95.3567,37337,335
394898,"Myrtle Beach, SC",33.7094,-78.8844,281180,552
394899,"Nacogdoches, TX",31.6134,-94.6528,32912,460
394900,"Napa, CA",38.2975,-122.301,85372,1675
394901,"Naples, FL",26.1504,-81.7936,21750,682
394902,"Nashville, TN",36.1715,-86.7842,1081876,541
394903,"Natchez, MS",31.5437,-91.3867,14854,362
394904,"Natchitoches, LA",31.7315,-93.0975,17711,301
394905,"New Bern, NC",35.0955,-77.0723,29985,407
394906,"New Castle, IN",39.9191,-85.3697,17234,908
394907,"New Castle, PA",40.9956,-80.3458,21805,1013
394908,"New Haven, CT",41.3113,-72.9246,566683,2693
394910,"New Orleans, LA",30.0687,-89.9288,957783,891
394911,"New Philadelphia, OH",40.486,-81.4401,17485,821
394912,"New Ulm, MN",44.312,-94.4685,13209,502
394913,"New York, NY",40.6943,-73.9249,18680025,10768
394914,"Newberry, SC",34.2813,-81.601,10219,438
394915,"Newport, TN",35.9617,-83.1976,6865,479
394916,"Newton, IA",41.6963,-93.0403,15160,518
394917,"Niles, MI",41.8346,-86.2473,11168,744
394918,"Nogales, AZ",31.3624,-110.9336,20182,374
394919,"Norfolk, NE",42.0324,-97.4217,24410,809
394920,"North Platte, NE",41.1263,-100.7641,23734,677
394921,"North Vernon, IN",39.0171,-85.6317,7167,360
394922,"North Wilkesboro, NC",36.1728,-81.139,4139,241
394923,"Norwalk, OH",41.2443,-82.6088,16860,734
394924,"New London, CT",41.3502,-72.1022,27001,1854
394925,"Oak Harbor, WA",48.2964,-122.6333,23358,934
394927,"Ocala, FL",29.178,-82.1511,174618,490
394928,"Ocean City, NJ",39.2681,-74.602,11065,632
394930,"Odessa, TX",31.8801,-102.3448,142581,926
394931,"Ogden, UT",41.2279,-111.9682,615015,1221
394932,"Ogdensburg, NY",44.7088,-75.4717,10559,822
394933,"Oil City, PA",41.4281,-79.7036,9750,837
394934,"Okeechobee, FL",27.2413,-80.8298,5574,530
394935,"Oklahoma City, OK",35.4676,-97.5136,947247,413
394936,"Olean, NY",42.0819,-78.4321,13580,888
394937,"Olympia, WA",47.0417,-122.8959,200836,1108
394938,"Omaha, NE",41.2627,-96.0529,791432,1307
394939,"Oneonta, NY",42.4551,-75.0666,13855,1226
394940,"Ontario, OR",44.0259,-116.976,11031,824
394941,"Opelousas, LA",30.5252,-92.0816,16687,666
394942,"Orangeburg, SC",33.4928,-80.8671,12713,544
394943,"Orlando, FL",28.4773,-81.337,1792047,994
394944,"Oshkosh, WI",44.0227,-88.5619,75204,953
394945,"Oskaloosa, IA",41.2922,-92.6404,11727,564
394946,"Ottawa, IL",41.3555,-88.8261,18742,493
394947,"Ottumwa, IA",41.0195,-92.4186,24505,589
394948,"Owatonna, MN",44.0912,-93.2312,25716,667
394949,"Owensboro, KY",37.7575,-87.1172,73115,1124
394950,"Owosso, MI",42.9955,-84.176,14476,1064
394951,"Oxford, MS",34.3627,-89.5336,27662,401
394953,"Paducah, KY",37.0711,-88.644,24947,474
394954,"Pahrump, NV",36.2235,-115.9974,38390,45
394955,"Palatka, FL",29.6493,-81.6705,10388,411
394956,"Palestine, TX",31.7544,-95.6471,17906,355
394957,"Melbourne, FL",28.1086,-80.6627,82281,719
394959,"Pampa, TX",35.5479,-100.9651,17226,737
394960,"Panama City, FL",30.1995,-85.6003,149366,395
394961,"Paragould, AR",36.0555,-90.5149,28821,349
394962,"Paris, TN",36.2933,-88.3065,10021,299
394963,"Paris, TX",33.6688,-95.546,24814,272
394964,"Parkersburg, WV",39.2623,-81.542,68217,974
394965,"Parsons, KS",37.3405,-95.2958,9648,350
394967,"Payson, AZ",34.2433,-111.3195,15708,313
394968,"Pecos, TX",31.3971,-103.5201,11957,207
394971,"Pensacola, FL",30.4413,-87.1911,360711,901
394972,"Peoria, IL",40.752,-89.6154,253461,906
394973,"Peru, IN",40.7593,-86.0756,11369,796
394974,"Philadelphia, PA",40.0077,-75.1339,5540199,4544
394976,"Phoenix, AZ",33.5722,-112.0892,4187723,1236
394977,"Picayune, MS",30.5322,-89.6724,11016,235
394979,"Pierre, SD",44.3748,-100.3205,13908,412
394980,"Pine Bluff, AR",34.2116,-92.0173,42323,369
394981,"Pittsburg, KS",37.4129,-94.6985,20096,593
394982,"Pittsburgh, PA",40.4397,-79.9763,1719289,2100
394983,"Pittsfield, MA",42.4517,-73.2605,42514,405
394984,"Plainview, TX",34.1911,-101.7235,20194,561
394985,"Platteville, WI",42.728,-90.4681,12113,757
394986,"Plattsburgh, NY",44.6951,-73.4563,19343,1482
394987,"Plymouth, IN",41.3483,-86.3187,10029,511
394988,"Pocatello, ID",42.8724,-112.4647,74359,648
394989,"Point Pleasant, WV",38.853,-82.1303,4112,657
394990,"Ponca City, OK",36.7235,-97.0677,23940,502
394992,"Pontiac, IL",40.8894,-88.6409,11430,526
394993,"Poplar Bluff, MO",36.7632,-90.4135,16979,498
394994,"Port Angeles, WA",48.1141,-123.4565,20071,723
394995,"Port St. Lucie, FL",27.2796,-80.3884,435182,634
394996,"Portales, NM",34.1754,-103.3565,11713,568
394997,"Portland, ME",43.6773,-70.2715,213986,1195
394998,"Portland, OR",45.5371,-122.65,2072553,1881
394999,"Portsmouth, OH",38.7538,-82.9445,20094,723
395000,"Pottsville, PA",40.6798,-76.2091,13549,1255
395002,"Prescott, AZ",34.5849,-112.4473,43463,373
395004,"Prineville, OR",44.2985,-120.8607,10429,313
395005,"Providence, RI",41.823,-71.4187,1204385,3764
395006,"Provo, UT",40.2457,-111.6457,563884,1082
395007,"Pueblo, CO",38.2701,-104.6114,142726,779
395008,"Pullman, WA",46.7336,-117.168,33974,1200
395009,"Punta Gorda, FL",26.8941,-82.0513,20044,499
395010,"Quincy, IL",39.9336,-91.3799,40111,982
395011,"Racine, WI",42.7274,-87.8135,134679,1918
395012,"Raleigh, NC",35.8324,-78.6429,1073795,1232
395013,"Rapid City, SD",44.0716,-103.2204,89606,540
395014,"Raymondville, TX",26.4759,-97.7769,10950,1027
395015,"Reading, PA",40.34,-75.9267,278693,3464
395016,"Red Bluff, CA",40.1735,-122.2413,14091,719
395017,"Red Wing, MN",44.5817,-92.6036,16366,181
395018,"Redding, CA",40.5698,-122.365,120370,595
395019,"Reno, NV",39.5497,-119.8483,440547,890
395020,"Rexburg, ID",43.8226,-111.7919,29064,1116
395021,"Richmond, IN",39.8318,-84.8905,35467,570
395022,"Richmond, VA",37.5295,-77.4756,1025117,1476
395023,"Richmond, KY",37.7307,-84.2925,35744,679
395024,"Rio Grande City, TX",26.3808,-98.8215,14411,490
395025,"Riverside, CA",33.9381,-117.3949,2112239,1556
395026,"Riverton, WY",43.0421,-108.4144,10913,407
395027,"Roanoke Rapids, NC",36.4452,-77.649,14562,567
395028,"Roanoke, VA",37.2785,-79.9581,216388,900
395029,"Rochelle, IL",41.9197,-89.0629,9083,263
395030,"Rochester, MN",44.0154,-92.478,116962,814
395031,"Rochester, NY",43.168,-77.6162,720189,2227
395032,"Rock Springs, WY",41.5947,-109.2209,23238,454
395033,"Rockford, IL",42.2596,-89.064,280337,881
395034,"Rockingham, NC",34.9386,-79.7608,8771,443
395036,"Rocky Mount, NC",35.9685,-77.804,61952,466
395037,"Rolla, MO",37.9459,-91.7607,20273,645
395038,"Rome, GA",34.2662,-85.1863,66998,445
395039,"Roseburg, OR",43.2231,-123.352,23237,836
395040,"Roswell, NM",33.373,-104.5294,47751,620
395042,"Russellville, AR",35.2762,-93.1383,29227,398
395043,"Ruston, LA",32.5328,-92.6363,21987,401
395044,"Rutland, VT",43.6092,-72.9783,15207,777
395045,"Sacramento, CA",38.5677,-121.4685,1882358,1971
395046,"Safford, AZ",32.8335,-109.6964,9707,404
395047,"Saginaw, MI",43.4199,-83.9501,118845,1093
395048,"Salem, OR",44.9233,-123.0244,263571,1359
395049,"Salina, KS",38.8136,-97.6143,46706,699
395050,"Salinas, CA",36.6883,-121.6317,190345,2564
395051,"Salisbury, MD",38.3756,-75.5865,108982,920
395053,"Salt Lake City, UT",40.7776,-111.9311,1135747,700
395054,"San Angelo, TX",31.4424,-100.4504,97481,650
395055,"San Antonio, TX",29.4632,-98.5238,2036324,1183
395056,"San Diego, CA",32.8313,-117.1222,3178495,1675
395057,"San Francisco, CA",37.7558,-122.4449,3557982,7199
395059,"San Jose, CA",37.3012,-121.848,1797166,2229
395061,"San Luis Obispo, CA",35.2669,-120.669,47402,1375
395062,"Sandusky, OH",41.4468,-82.7024,24651,987
395063,"Sanford, NC",35.4875,-79.177,29758,392
395065,"Santa Cruz, CA",36.9789,-122.0346,165933,1970
395066,"Santa Fe, NM",35.6619,-105.9819,95498,624
395068,"Santa Rosa, CA",38.4458,-122.7067,313875,1619
395069,"Sault Ste. Marie, MI",46.4817,-84.3723,13526,353
395070,"Savannah, GA",32.0286,-81.1821,284429,525
395071,"Sayre, PA",41.9856,-76.5207,5403,1031
395072,"Scottsbluff, NE",41.8684,-103.6616,14660,853
395073,"Scottsboro, AL",34.6438,-86.0491,14452,110
395075,"Scranton, PA",41.4044,-75.6649,380870,1174
395077,"Searcy, AR",35.2418,-91.7351,23673,499
395078,"Seattle, WA",47.6211,-122.3244,3530752,3414
395079,"Vero Beach, FL",27.6463,-80.393,17163,578
395080,"Sebring, FL",27.477,-81.453,63287,398
395081,"Sedalia, MO",38.7059,-93.234,21634,587
395082,"Selinsgrove, PA",40.8003,-76.8646,5923,1249
395083,"Selma, AL",32.4166,-87.0336,17762,496
395085,"Seneca, SC",34.6818,-82.96,8424,396
395086,"Sevierville, TN",35.8872,-83.5678,17185,275
395087,"Seymour, IN",38.9476,-85.8911,19780,629
395088,"Shawnee, OK",35.3531,-96.9647,31361,277
395089,"Sheboygan, WI",43.7403,-87.7316,70234,1188
395090,"Shelby, NC",35.2904,-81.5451,20046,346
395091,"Shelbyville, TN",35.4987,-86.4517,21841,457
395092,"Shelton, WA",47.2186,-123.1121,10467,694
395093,"Sheridan, WY",44.7961,-106.9642,17938,546
395094,"Sherman, TX",33.6273,-96.6221,67210,361
395095,"Show Low, AZ",34.2671,-110.0384,11280,66
395096,"Shreveport, LA",32.4653,-93.7955,291388,680
395097,"Sidney, OH",40.2891,-84.1667,20698,667
395098,"Sierra Vista, AZ",31.563,-110.3153,43756,110
395099,"Sikeston, MO",36.8854,-89.5877,16664,375
395100,"Silver City, NM",32.7783,-108.2699,9530,363
395102,"Sioux City, IA",42.4959,-96.3901,107932,545
395103,"Sioux Falls, SD",43.5396,-96.7311,173921,883
395104,"Snyder, TX",32.7133,-100.9116,11211,484
395105,"Somerset, KY",37.0834,-84.6109,11548,332
395106,"Somerset, PA",40.0049,-79.0778,5888,833
395107,"South Bend, IN",41.6767,-86.2696,285569,944
395109,"Spartanburg, SC",34.9442,-81.9251,216021,720
395110,"Spearfish, SD",44.4909,-103.8155,11702,269
395111,"Spencer, IA",43.1468,-95.1534,11038,389
395112,"Spirit Lake, IA",43.4176,-95.1109,5130,442
395113,"Spokane, WA",47.6671,-117.433,426849,1230
395114,"Springfield, IL",39.7709,-89.654,162348,726
395115,"Springfield, MA",42.1155,-72.5395,615728,1861
395116,"Springfield, MO",37.1943,-93.2916,295230,785
395117,"Springfield, OH",39.93,-83.7959,85121,876
395118,"St. Cloud, MN",45.534,-94.1718,118139,660
395119,"St. George, UT",37.0758,-113.5752,114612,429
395120,"St. Joseph, MO",39.7598,-94.821,79349,660
395121,"St. Louis, MO",38.6359,-90.2451,2144317,1905
395122,"St. Marys, GA",30.7567,-81.5722,18321,309
395124,"Starkville, MS",33.4608,-88.8297,25495,385
395125,"State College, PA",40.7909,-77.8567,88526,3567
395126,"Statesboro, GA",32.4375,-81.7751,32115,827
395128,"Staunton, VA",38.1593,-79.0611,24660,477
395129,"Stephenville, TX",32.2147,-98.2205,20887,678
395130,"Sterling, CO",40.6205,-103.1925,14421,734
395131,"Sterling, IL",41.7996,-89.6956,14774,984
395132,"Stevens Point, WI",44.5241,-89.5507,26144,588
395133,"Stillwater, OK",36.1317,-97.0742,50183,650
395134,"Stockton, CA",37.9765,-121.3109,394919,1930
395135,"Storm Lake, IA",42.6431,-95.196,10508,754
395136,"Sturgis, MI",41.7991,-85.4184,10853,618
395137,"Sulphur Springs, TX",33.1421,-95.6122,16091,302
395138,"Summerville, GA",34.4788,-85.3491,4283,412
395139,"Sumter, SC",33.9392,-80.393,77626,470
395140,"Sunbury, PA",40.8616,-76.7871,9446,1817
395141,"Susanville, CA",40.4206,-120.6132,14922,727
395142,"Sweetwater, TX",32.4692,-100.4092,10601,369
395143,"Syracuse, NY",43.0407,-76.1437,407942,2196
395144,"Tahlequah, OK",35.9112,-94.977,16684,508
395145,"Talladega, AL",33.4333,-86.0986,15405,228
395146,"Tallahassee, FL",30.4551,-84.2527,254250,737
395148,"Tampa, FL",27.9945,-82.4447,2771700,1340
395149,"Taos, NM",36.3871,-105.5803,5950,381
395150,"Taylorville, IL",39.5328,-89.2804,10766,402
395151,"Terre Haute, IN",39.466,-87.3751,93247,684
395152,"Texarkana, TX",33.45,-94.0847,79304,452
395153,"The Villages, FL",28.9034,-81.9887,119296,963
395154,"Thomaston, GA",32.8907,-84.3272,8771,355
395155,"Thomasville, GA",30.8394,-83.9782,18530,476
395157,"Tiffin, OH",41.1165,-83.1805,17473,982
395158,"Tifton, GA",31.4624,-83.5203,17189,521
395159,"Toccoa, GA",34.581,-83.3263,8328,351
395160,"Toledo, OH",41.6638,-83.5827,498645,1319
395161,"Topeka, KS",39.0346,-95.6955,145717,790
395162,"Torrington, CT",41.8349,-73.1282,34259,332
395163,"Traverse City, MI",44.7546,-85.6038,15525,724
395164,"Trenton, NJ",40.2237,-74.7641,291085,4248
395165,"Troy, AL",31.8021,-85.9664,18995,258
395166,"Truckee, CA",39.3455,-120.1848,16666,199
395167,"Tucson, AZ",32.1541,-110.8787,883127,873
395168,"Tullahoma, TN",35.3721,-86.2172,19982,329
395169,"Tulsa, OK",36.1283,-95.9042,698349,786
395170,"Tupelo, MS",34.2692,-88.7318,38251,229
395171,"Tuscaloosa, AL",33.2348,-87.5268,149302,627
395173,"Twin Falls, ID",42.5645,-114.4613,49819,993
395174,"Tyler, TX",32.3184,-95.3062,143616,711
395175,"Ukiah, CA",39.1464,-123.2105,15963,1288
395176,"Union City, TN",36.4267,-89.0474,10426,332
395178,"Urbana, OH",40.1085,-83.7541,11428,558
395179,"Utica, NY",43.0962,-75.2261,112948,1384
395181,"Uvalde, TX",29.2152,-99.7782,16122,812
395182,"Valdosta, GA",30.8502,-83.2788,78786,604
395183,"Vallejo, CA",38.1125,-122.2342,177255,1539
395184,"Valley, AL",32.8088,-85.181,9195,275
395185,"Van Wert, OH",40.8651,-84.5879,10531,541
395186,"Vermillion, SD",42.7811,-96.9256,10852,917
395187,"Vernal, UT",40.4517,-109.5378,10449,872
395188,"Vernon, TX",34.1479,-99.3,10078,493
395189,"Vicksburg, MS",32.3173,-90.8868,22045,257
395190,"Victoria, TX",28.8287,-96.9849,66427,692
395191,"Vidalia, GA",32.2125,-82.4019,10380,224
395192,"Vincennes, IN",38.6759,-87.5102,17091,890
395193,"Vineland, NJ",39.4653,-74.9981,92364,335
395194,"Virginia Beach, VA",36.7335,-76.0435,1475522,711
395195,"Visalia, CA",36.3276,-119.3269,235184,1354
395196,"Wabash, IN",40.8034,-85.8301,10017,401
395197,"Waco, TX",31.5599,-97.1882,186695,599
395198,"Wahpeton, ND",46.2722,-96.6118,7772,575
395199,"Walla Walla, WA",46.0671,-118.3368,32951,918
395201,"Wapakoneta, OH",40.5664,-84.1916,9662,583
395202,"Warner Robins, GA",32.5961,-83.6527,148171,786
395203,"Warren, PA",41.8434,-79.1444,9127,1210
395204,"Warrensburg, MO",38.7627,-93.726,20313,833
395205,"Warsaw, IN",41.2448,-85.8465,15757,454
395206,"Washington Court House, OH",39.5381,-83.4281,14155,612
395207,"Washington, IN",38.6586,-87.1591,12514,728
395208,"Wilmington, NC",34.2099,-77.8866,260170,917
395209,"Washington, DC",38.9047,-77.0163,5066973,4434
395210,"Waterloo, IA",42.4918,-92.3522,115266,424
395211,"Watertown, SD",44.9094,-97.1532,22249,474
395212,"Watertown, WI",43.1893,-88.7285,23561,754
395213,"Jamestown, NY",42.0976,-79.2367,29290,1270
395214,"Wauchula, FL",27.5469,-81.8102,4801,567
395215,"Wausau, WI",44.962,-89.6459,76016,777
395216,"Waycross, GA",31.2108,-82.3579,13638,443
395217,"Wharton, OH",40.8613,-83.4648,411,126
395218,"Wenatchee, WA",47.436,-120.3295,71119,1250
395219,"West Plains, MO",36.7377,-91.868,12290,356
395222,"Whitewater, WI",42.8372,-88.7341,14762,644
395223,"Wichita Falls, TX",33.9072,-98.5291,100005,561
395224,"Wichita, KS",37.6895,-97.3443,484715,930
395225,"Williamsport, PA",41.2399,-77.037,28437,1250
395227,"Williston, ND",48.1814,-103.6364,27812,463
395228,"Willmar, MN",45.1216,-95.0569,19728,540
395229,"Wilmington, NC",34.2099,-77.8866,260170,917
395230,"Wilmington, OH",39.4362,-83.8141,12444,371
395231,"Wilson, NC",35.7311,-77.9284,49310,613
395232,"Winchester, VA",39.1735,-78.1746,74593,1172
395234,"Winona, MN",44.0505,-91.6684,26772,543
395235,"Winston-Salem, NC",36.1029,-80.261,416394,715
395236,"Woodward, OK",36.4247,-99.4058,12213,359
395237,"Wooster, OH",40.8172,-81.9336,26557,600
395238,"Worcester, MA",42.2705,-71.8079,516483,1913
395239,"Worthington, MN",43.6281,-95.599,13093,642
395240,"Yakima, WA",46.5923,-120.5496,126487,1302
395241,"Yankton, SD",42.8901,-97.3927,14619,657
395244,"York, PA",39.9651,-76.7315,236818,3211
395245,"Youngstown, OH",41.0993,-80.6463,363541,730
395246,"Yuba City, CA",39.1357,-121.6383,124815,1718
395247,"Yuma, AZ",32.5995,-114.5491,137612,311
395248,"Zanesville, OH",39.9565,-82.0132,25246,827
753864,"Arkansas City, KS",37.0726,-97.0385,11767,487
753865,"Bardstown, KY",37.8175,-85.455,13169,420
753866,"Big Stone Gap, VA",36.8626,-82.7769,5209,407
753869,"Bloomington, IL",40.4757,-88.9703,132710,1106
753871,"Breckenridge, CO",39.4995,-106.0432,5054,322
753872,"Lexington Park, MD",38.2528,-76.4424,12934,823
753874,"Craig, CO",40.5171,-107.5554,8978,683
753877,"Cullowhee, NC",35.3097,-83.1816,6798,689
753878,"Dayton, TN",35.4912,-85.012,7357,364
753879,"Elkins, WV",38.9237,-79.8541,7017,745
753880,"Fairfield, IA",41.0064,-91.9667,10327,602
753881,"Glenwood Springs, CO",39.5455,-107.3347,10048,664
753884,"Hailey, ID",43.5141,-114.3001,8575,842
753887,"Pendleton, OR",45.6757,-118.8201,16685,562
753889,"Hillsdale, MI",41.9267,-84.6356,8073,547
753890,"Holland, MI",42.7677,-86.0984,100202,771
753891,"Ionia, MI",42.9773,-85.0727,11178,797
753892,"Jackson, OH",39.0448,-82.6458,6233,265
753893,"Jefferson, GA",34.1373,-83.6021,11619,199
753894,"Junction City, KS",39.0277,-96.8508,22616,756
753895,"West Lafayette, IN",40.4432,-86.9238,49668,1411
753898,"Logan, WV",37.8509,-81.9857,2107,708
753901,"Ludington, MI",43.9573,-86.4434,8081,928
753902,"Malvern, AR",34.3734,-92.8205,10886,426
753903,"Marietta, OH",39.4241,-81.4465,13551,620
753904,"Marion, NC",35.6777,-82.0017,7853,511
753905,"Newport, OR",44.6242,-124.0513,10767,416
753908,"Othello, WA",46.8221,-119.1653,8241,795
753909,"Ottawa, KS",38.5996,-95.2636,12308,460
753910,"Oxford, NC",36.3155,-78.5848,8812,545
753911,"Ozark, AL",31.4508,-85.6473,14350,162
753912,"Southern Pines, NC",35.1927,-79.4039,14347,323
753913,"Port Clinton, OH",41.5094,-82.9385,6190,1121
753914,"Port Lavaca, TX",28.6181,-96.6278,12015,457
753915,"Salem, OH",40.9049,-80.8492,11692,701
753916,"Sandpoint, ID",48.2822,-116.5614,8692,784
753918,"Shawano, WI",44.7748,-88.5843,8928,514
753920,"Sonora, CA",37.9819,-120.3828,4832,589
753921,"Steamboat Springs, CO",40.4777,-106.8243,13048,509
753922,"Summit Park, UT",40.7423,-111.5872,8177,233
753923,"The Dalles, OR",45.6053,-121.1818,15518,899
753924,"Honolulu, HI",21.3294,-157.846,834138,2214
753925,"Vineyard Haven, MA",41.4572,-70.607,1903,563
753926,"Weatherford, OK",35.538,-98.6853,11908,609
753927,"Winnemucca, NV",40.9645,-117.7247,7752,306
753928,"Wisconsin Rapids, WI",44.3927,-89.8265,17691,492
753929,"Zapata, TX",26.9026,-99.2612,5567,281
